ID,Flight,POU,SCC,WV,X,Y,Z,W,SQV
1,ABD,ICN,NDS,224,1,1,268,108,268
2,ABD,ICN,NDS,218,3,29,3,117,261
3,ABD,ICN,NDS,202,11,2,11,114,242
4,ABD,JPN,NDS,205,1,3,82,112,246
5,ABD,ICN,NDS,208,3,1,83,120,249
6,ABD,ICN,NDS,215,1,1,258,103,258
7,ABD,JPN,NDS,204,2,2,61,104,244
8,ABD,JPN,NDS,217,65,1,4,119,260
9,ABD,JPN,NDS,219,1,1,262,103,262
10,ABD,ICN,NDS,206,1,1,247,119,247
11,ABD,JPN,NDS,206,1,19,13,117,247
12,ABD,ICN,NDS,227,17,2,8,111,272
13,ABD,ICN,NDS,206,1,1,247,105,247
14,ABD,JPN,NDS,228,3,13,7,111,273
15,ABD,JPN,NDS,223,3,1,89,102,267
16,ABD,JPN,NDS,211,1,253,1,111,253
17,ABD,ICN,NDS,230,6,23,2,101,276
18,ABD,JPN,NDS,229,1,1,274,102,274
19,ABD,JPN,NDS,226,1,1,271,116,271
20,ABD,JPN,NDS,209,10,5,5,104,250
21,ABD,JPN,NDS,205,2,3,41,118,246
22,ABD,JPN,NDS,201,1,1,241,109,241
23,ABD,ICN,NDS,216,1,7,37,107,259
24,ABD,JPN,NDS,209,5,25,2,102,250
25,ABD,ICN,NDS,201,1,1,241,102,241
26,ABD,JPN,NDS,206,1,13,19,107,247
27,ABD,ICN,NDS,208,1,1,249,102,249
28,ABD,JPN,NDS,230,46,3,2,117,276
29,ABD,ICN,NDS,229,1,1,274,118,274
30,ABD,JPN,NDS,211,1,23,11,109,253
31,ABD,JPN,NDS,215,3,2,43,111,258
32,ABD,JPN,NDS,207,1,2,124,117,248
33,ABD,ICN,NDS,215,1,43,6,120,258
34,ABD,JPN,NDS,202,11,2,11,109,242
35,ABD,ICN,NDS,207,62,2,2,110,248
36,ABD,ICN,NDS,214,1,2,128,118,256
37,ABD,ICN,NDS,227,68,2,2,113,272
38,ABD,ICN,NDS,230,1,12,23,110,276
39,ABD,JPN,NDS,218,1,3,87,114,261
40,ABD,ICN,NDS,222,2,19,7,113,266
41,ABD,ICN,NDS,219,131,2,1,100,262
42,ABD,JPN,NDS,205,1,1,246,108,246
43,ABD,JPN,NDS,212,1,1,254,118,254
44,ABD,JPN,NDS,208,1,1,249,106,249
45,ABD,ICN,NDS,221,5,1,53,113,265
46,ABD,JPN,NDS,212,1,1,254,104,254
47,ABD,JPN,NDS,217,1,10,26,114,260
48,ABD,JPN,NDS,213,3,1,85,112,255
49,ABD,ICN,NDS,218,29,3,3,116,261
50,ABD,JPN,NDS,211,1,23,11,103,253
51,ABD,ICN,NDS,208,83,1,3,100,249
52,ABD,ICN,NDS,206,1,1,247,115,247
53,ABD,JPN,NDS,230,1,1,276,117,276
54,ABD,ICN,NDS,222,1,1,266,102,266
55,ABD,ICN,NDS,208,1,3,83,111,249
56,ABD,ICN,NDS,221,1,53,5,118,265
57,ABD,JPN,NDS,226,1,1,271,105,271
58,ABD,ICN,NDS,215,2,43,3,108,258
59,ABD,ICN,NDS,212,1,127,2,101,254
60,ABD,JPN,NDS,205,41,3,2,105,246
61,ABD,JPN,NDS,219,2,131,1,111,262
62,ABD,JPN,NDS,210,1,1,252,113,252
63,ABD,ICN,NDS,223,1,3,89,106,267
64,ABD,JPN,NDS,224,1,4,67,106,268
65,ABD,ICN,NDS,213,1,3,85,118,255
66,ABD,ICN,NDS,209,25,1,10,109,250
67,ABD,JPN,NDS,223,1,1,267,107,267
68,ABD,ICN,NDS,221,1,1,265,114,265
69,ABD,JPN,NDS,215,1,86,3,112,258
70,ABD,JPN,NDS,219,1,1,262,100,262
71,ABD,ICN,NDS,218,1,1,261,114,261
72,ABD,JPN,NDS,229,1,2,137,100,274
73,ABD,JPN,NDS,221,1,1,265,113,265
74,ABD,JPN,NDS,218,1,1,261,100,261
75,ABD,JPN,NDS,214,1,1,256,111,256
76,ABD,JPN,NDS,227,34,4,2,104,272
77,ABD,ICN,NDS,214,8,8,4,105,256
78,ABD,JPN,NDS,221,1,5,53,120,265
79,ABD,JPN,NDS,225,1,3,90,105,270
80,ABD,ICN,NDS,220,1,4,66,106,264
81,ABD,JPN,NDS,222,1,38,7,105,266
82,ABD,JPN,NDS,207,4,31,2,118,248
83,ABD,JPN,NDS,213,17,1,15,100,255
84,ABD,JPN,NDS,225,1,5,54,107,270
85,ABD,ICN,NDS,221,1,1,265,113,265
86,ABD,JPN,NDS,216,1,7,37,112,259
87,ABD,JPN,NDS,229,1,137,2,119,274
88,ABD,ICN,NDS,208,1,1,249,104,249
89,ABD,JPN,NDS,214,32,4,2,102,256
90,ABD,JPN,NDS,218,1,9,29,101,261
91,ABD,JPN,NDS,202,1,2,121,120,242
92,ABD,ICN,NDS,209,1,10,25,110,250
93,ABD,ICN,NDS,207,1,124,2,113,248
94,ABD,ICN,NDS,212,1,127,2,112,254
95,ABD,JPN,NDS,230,1,6,46,120,276
96,ABD,JPN,NDS,209,25,1,10,100,250
97,ABD,ICN,NDS,205,1,1,246,116,246
98,ABD,JPN,NDS,206,1,1,247,104,247
99,ABD,ICN,NDS,207,2,2,62,105,248
100,ABD,JPN,NDS,202,2,1,121,117,242
101,ABD,ICN,NDS,204,2,2,61,114,244
102,ABD,ICN,NDS,216,1,7,37,114,259
103,ABD,ICN,NDS,230,46,1,6,111,276
104,ABD,ICN,NDS,216,1,1,259,109,259
105,ABD,ICN,NDS,203,3,27,3,100,243
106,ABD,ICN,NDS,212,1,1,254,117,254
107,ABD,JPN,NDS,230,1,138,2,118,276
108,ABD,JPN,NDS,210,1,1,252,116,252
109,ABD,JPN,NDS,202,11,11,2,113,242
110,ABD,JPN,NDS,204,1,4,61,104,244
111,ABD,ICN,NDS,230,1,46,6,114,276
112,ABD,ICN,NDS,209,10,1,25,102,250
113,ABD,ICN,NDS,216,1,7,37,119,259
114,ABD,JPN,NDS,228,1,91,3,119,273
115,ABD,JPN,NDS,226,1,1,271,103,271
116,ABD,JPN,NDS,227,4,2,34,117,272
117,ABD,JPN,NDS,223,1,267,1,108,267
118,ABD,JPN,NDS,200,12,10,2,101,240
119,ABD,ICN,NDS,221,53,1,5,107,265
120,ABD,ICN,NDS,227,2,1,136,118,272
121,ABD,JPN,NDS,218,3,1,87,117,261
122,ABD,JPN,NDS,223,1,89,3,106,267
123,ABD,JPN,NDS,206,1,19,13,102,247
124,ABD,ICN,NDS,218,3,1,87,114,261
125,ABD,JPN,NDS,202,1,1,242,112,242
126,ABD,JPN,NDS,205,1,123,2,113,246
127,ABD,JPN,NDS,204,2,2,61,106,244
128,ABD,ICN,NDS,224,2,1,134,103,268
129,ABD,ICN,NDS,226,1,1,271,115,271
130,ABD,ICN,NDS,229,1,2,137,103,274
131,ABD,JPN,NDS,228,3,13,7,100,273
132,ABD,ICN,NDS,203,3,9,9,118,243
133,ABD,JPN,NDS,227,34,4,2,102,272
134,ABD,ICN,NDS,218,3,29,3,105,261
135,ABD,ICN,NDS,207,2,4,31,103,248
136,ABD,ICN,NDS,216,1,1,259,114,259
137,ABD,ICN,NDS,222,2,1,133,113,266
138,ABD,ICN,NDS,221,1,5,53,118,265
139,ABD,ICN,NDS,208,1,1,249,118,249
140,ABD,JPN,NDS,212,1,1,254,101,254
141,ABD,JPN,NDS,204,2,1,122,103,244
142,ABD,ICN,NDS,207,2,4,31,116,248
143,ABD,ICN,NDS,202,1,22,11,118,242
144,ABD,JPN,NDS,218,3,1,87,117,261
145,ABD,JPN,NDS,201,1,1,241,105,241
146,ABD,JPN,NDS,216,1,37,7,120,259
147,ABD,ICN,NDS,200,12,5,4,102,240
148,ABD,ICN,NDS,201,1,1,241,113,241
149,ABD,ICN,NDS,207,2,2,62,110,248
150,ABD,JPN,NDS,213,1,17,15,111,255
151,ABD,ICN,NDS,224,2,67,2,110,268
152,ABD,ICN,NDS,226,1,271,1,106,271
153,ABD,ICN,NDS,230,1,2,138,106,276
154,ABD,JPN,NDS,209,1,25,10,116,250
155,ABD,ICN,NDS,226,1,1,271,100,271
156,ABD,ICN,NDS,211,1,1,253,118,253
157,ABD,JPN,NDS,200,1,4,60,114,240
158,ABD,ICN,NDS,230,6,1,46,102,276
159,ABD,ICN,NDS,210,14,9,2,112,252
160,ABD,ICN,NDS,223,1,1,267,113,267
161,ABD,ICN,NDS,218,3,1,87,109,261
162,ABD,JPN,NDS,208,1,249,1,103,249
163,ABD,JPN,NDS,224,1,1,268,119,268
164,ABD,JPN,NDS,212,127,2,1,111,254
165,ABD,JPN,NDS,226,1,1,271,108,271
166,ABD,JPN,NDS,205,2,3,41,116,246
167,ABD,ICN,NDS,209,25,2,5,106,250
168,ABD,JPN,NDS,201,1,1,241,109,241
169,ABD,ICN,NDS,204,2,2,61,109,244
170,ABD,ICN,NDS,230,46,3,2,101,276
171,ABD,ICN,NDS,207,4,1,62,104,248
172,ABD,JPN,NDS,214,64,1,4,105,256
173,ABD,JPN,NDS,223,89,1,3,101,267
174,ABD,JPN,NDS,216,37,1,7,100,259
175,ABD,ICN,NDS,230,46,1,6,105,276
176,ABD,ICN,NDS,210,1,3,84,119,252
177,ABD,JPN,NDS,229,1,1,274,117,274
178,ABD,ICN,NDS,205,2,3,41,106,246
179,ABD,ICN,NDS,200,20,1,12,113,240
180,ABD,JPN,NDS,218,1,29,9,102,261
181,ABD,JPN,NDS,220,2,11,12,110,264
182,ABD,JPN,NDS,220,4,6,11,101,264
183,ABD,ICN,NDS,230,1,23,12,109,276
184,ABD,ICN,NDS,220,66,1,4,116,264
185,ABD,JPN,NDS,200,20,1,12,111,240
186,ABD,JPN,NDS,219,1,2,131,104,262
187,ABD,JPN,NDS,216,1,1,259,103,259
188,ABD,JPN,NDS,227,4,17,4,105,272
189,ABD,ICN,NDS,203,9,3,9,102,243
190,ABD,JPN,NDS,202,1,2,121,105,242
191,ABD,ICN,NDS,230,69,2,2,119,276
192,ABD,ICN,NDS,206,1,1,247,111,247
193,ABD,JPN,NDS,228,1,3,91,107,273
194,ABD,ICN,NDS,213,1,51,5,109,255
195,ABD,ICN,NDS,203,3,9,9,110,243
196,ABD,JPN,NDS,226,1,1,271,109,271
197,ABD,ICN,NDS,211,23,1,11,110,253
198,ABD,ICN,NDS,214,16,1,16,116,256
199,ABD,ICN,NDS,201,1,1,241,104,241
200,ABD,ICN,NDS,208,1,1,249,110,249
201,ABD,ICN,NDS,202,11,1,22,119,242
202,ABD,ICN,NDS,202,1,1,242,103,242
203,ABD,ICN,NDS,209,5,2,25,106,250
204,ABD,ICN,NDS,211,1,1,253,106,253
205,ABD,JPN,NDS,213,1,51,5,116,255
206,ABD,JPN,NDS,222,1,1,266,110,266
207,ABD,JPN,NDS,200,10,6,4,106,240
208,ABD,ICN,NDS,217,4,5,13,114,260
209,ABD,JPN,NDS,217,2,2,65,102,260
210,ABD,JPN,NDS,203,27,3,3,107,243
211,ABD,JPN,NDS,208,1,249,1,106,249
212,ABD,JPN,NDS,204,61,2,2,106,244
213,ABD,ICN,NDS,208,1,1,249,101,249
214,ABD,JPN,NDS,222,1,19,14,116,266
215,ABD,JPN,NDS,210,1,126,2,118,252
216,ABD,ICN,NDS,201,1,241,1,114,241
217,ABD,ICN,NDS,216,1,1,259,100,259
218,ABD,ICN,NDS,215,1,86,3,120,258
219,ABD,JPN,NDS,225,3,1,90,110,270
220,ABD,ICN,NDS,212,1,1,254,111,254
221,ABD,JPN,NDS,220,12,1,22,104,264
222,ABD,JPN,NDS,226,1,1,271,107,271
223,ABD,JPN,NDS,207,1,62,4,112,248
224,ABD,ICN,NDS,204,61,2,2,101,244
225,ABD,ICN,NDS,217,13,2,10,101,260
226,ABD,JPN,NDS,223,3,1,89,108,267
227,ABD,ICN,NDS,200,1,2,120,117,240
228,ABD,ICN,NDS,202,11,2,11,115,242
229,ABD,JPN,NDS,213,1,5,51,108,255
230,ABD,JPN,NDS,210,14,9,2,100,252
231,ABD,JPN,NDS,219,1,2,131,105,262
232,ABD,ICN,NDS,206,19,1,13,107,247
233,ABD,ICN,NDS,210,1,7,36,105,252
234,ABD,JPN,NDS,225,6,3,15,114,270
235,ABD,ICN,NDS,221,1,1,265,113,265
236,ABD,JPN,NDS,208,1,1,249,112,249
237,ABD,ICN,NDS,216,1,1,259,111,259
238,ABD,ICN,NDS,223,3,89,1,101,267
239,ABD,JPN,NDS,213,3,5,17,114,255
240,ABD,ICN,NDS,219,1,2,131,108,262
241,ABD,ICN,NDS,204,2,61,2,108,244
242,ABD,ICN,NDS,219,2,131,1,103,262
243,ABD,JPN,NDS,217,2,10,13,113,260
244,ABD,ICN,NDS,217,26,5,2,103,260
245,ABD,JPN,NDS,201,1,241,1,116,241
246,ABD,JPN,NDS,222,1,14,19,120,266
247,ABD,JPN,NDS,221,1,1,265,111,265
248,ABD,JPN,NDS,200,1,40,6,104,240
249,ABD,ICN,NDS,203,3,3,27,101,243
250,ABD,ICN,NDS,209,25,5,2,115,250
251,ABD,ICN,NDS,226,1,1,271,110,271
252,ABD,JPN,NDS,205,1,6,41,105,246
253,ABD,JPN,NDS,204,1,61,4,103,244
254,ABD,JPN,NDS,214,4,8,8,115,256
255,ABD,JPN,NDS,224,2,2,67,112,268
256,ABD,JPN,NDS,209,5,25,2,115,250
257,ABD,JPN,NDS,221,53,1,5,107,265
258,ABD,JPN,NDS,218,29,3,3,101,261
259,ABD,ICN,NDS,218,1,9,29,109,261
260,ABD,JPN,NDS,204,1,122,2,110,244
261,ABD,ICN,NDS,201,1,1,241,112,241
262,ABD,ICN,NDS,229,2,137,1,120,274
263,ABD,JPN,NDS,220,1,4,66,100,264
264,ABD,ICN,NDS,209,2,25,5,111,250
265,ABD,ICN,NDS,224,2,1,134,120,268
266,ABD,JPN,NDS,225,1,135,2,100,270
267,ABD,JPN,NDS,220,6,1,44,101,264
268,ABD,JPN,NDS,201,1,1,241,113,241
269,ABD,JPN,NDS,227,8,1,34,107,272
270,ABD,JPN,NDS,221,53,1,5,110,265
271,ABD,JPN,NDS,212,1,254,1,108,254
272,ABD,JPN,NDS,201,1,241,1,109,241
273,ABD,JPN,NDS,228,3,13,7,105,273
274,ABD,JPN,NDS,222,1,7,38,113,266
275,ABD,JPN,NDS,203,1,9,27,103,243
276,ABD,ICN,NDS,226,1,1,271,115,271
277,ABD,JPN,NDS,205,41,2,3,116,246
278,ABD,JPN,NDS,226,1,271,1,104,271
279,ABD,ICN,NDS,202,11,11,2,106,242
280,ABD,ICN,NDS,224,67,1,4,108,268
281,ABD,JPN,NDS,222,19,2,7,112,266
282,ABD,JPN,NDS,212,127,1,2,118,254
283,ABD,ICN,NDS,224,67,1,4,112,268
284,ABD,ICN,NDS,217,26,1,10,110,260
285,ABD,ICN,NDS,216,37,1,7,106,259
286,ABD,ICN,NDS,223,1,3,89,103,267
287,ABD,ICN,NDS,222,2,7,19,120,266
288,ABD,ICN,NDS,214,64,1,4,115,256
289,ABD,ICN,NDS,225,45,3,2,107,270
290,ABD,ICN,NDS,214,16,8,2,107,256
291,ABD,ICN,NDS,206,13,19,1,110,247
292,ABD,ICN,NDS,201,1,1,241,120,241
293,ABD,ICN,NDS,206,13,19,1,109,247
294,ABD,ICN,NDS,221,5,1,53,109,265
295,ABD,ICN,NDS,211,23,1,11,105,253
296,ABD,ICN,NDS,205,3,2,41,103,246
297,ABD,ICN,NDS,213,5,3,17,101,255
298,ABD,ICN,NDS,230,6,2,23,119,276
299,ABD,ICN,NDS,204,2,61,2,104,244
300,ABD,ICN,NDS,204,2,61,2,112,244

