id,name,POU,width,length,depth,waterVolume,weight,SCCs,state
1,18037503115,SIN,120,80,92,0.864,282.5,CAO+RBI+DGR,saved
2,18037503130,ORD,45,34,34,0.0459,185.2,CAO+RBI+DGR,saved
3,18078814024,ORD,80,60,60,0.24,140,CAO+RBI+DGR,saved
4,18012128911,ORD,41,41,41,0.063878,34.068,RXG+CAO+DGR,saved
5,18037499582,ORD,26,28,36,0.02184,21.877,CAO+RBI+EAP+ECC+DGR,saved
6,18034090976,SIN,100,60,45,0.24,27,RCM+RPB+DGR+VOL,saved
7,18037442145,SIN,86,83,93,0.64242,158,REG+CBE+SPX+GEN,saved
8,18005625126,SIN,117,97,80,0.8424,123,RMD+ECC+EAP+DGR,saved
9,18005625115,PEN,60,60,52,0.18,192,RNG+EAP+ECC+DGR,saved
10,18038656973,PEN,34,27,34,0.02754,2.3,RFL+DGR,saved
11,18033551663,SIN,48,49,24,0.04704,13,RMD+VOL+DGR,saved
12,18034145064,SIN,49,49,55,0.12005,163,ICE+FRO+TEM+SCS,saved
13,18038614015,SIN,56,49,48,0.12348,1575,ICE+TEM+COL+SCS,saved
14,18038615872,SIN,70,38,36,0.0931,3,,saved
15,18034175960,SIN,157,65,75,0.71435,600,,saved
16,18036501264,SIN,142,124,102,1.7608,1943,,saved
17,18038608651,PEN,110,110,130,1.573,800,,saved
18,18036060835,PEN,60,80,30,0.1344,10,MNR,saved
19,18033519684,PEN,110,100,100,0.88,130,CRT,saved
20,18037988543,PEN,45,34,34,0.05202,5,CAO+RBI+DGR,saved
21,18039208610,PEN,120,80,120,1.12812,500,REG,saved
22,18039238695,PEN,109,105,62,0.698145,116,REG,saved
23,18005625631,ORD,51,51,51,0.132651,65,EAP+ECC,saved
24,18011994264,ORD,109,99,191,2.05029,441,EAP+ECC,saved
25,18037493503,ORD,121,101,100,1.1858,400,EAP+ECC,saved
26,18005625535,ORD,154,32,34,0.156519,21,EAP+ECC+MNR,saved
27,18037510045,ORD,120,80,80,0.73944,54.5,EAP+ECC+MNR,saved
28,18011979936,PEN,104,122,56,0.685152,355.5,EAP+ECC+PSC,saved
29,18034133013,PEN,40,39,39,0.05624,100,EAW+REG+ECC,saved
30,18038570453,SIN,230,150,228,7.69304,1416,SCS+SEN,saved
31,54975497579,SIN,120,80,92,0.864,282.5,CAO+RBI+DGR,saved
32,54975497580,ORD,45,34,34,0.0459,185.2,CAO+RBI+DGR,saved
33,54975497581,ORD,80,60,60,0.24,140,CAO+RBI+DGR,saved
34,54975497582,ORD,41,41,41,0.063878,34.068,RXG+CAO+DGR,saved
35,54975497583,ORD,26,28,36,0.02184,21.877,CAO+RBI+EAP+ECC+DGR,saved
36,54975497584,SIN,100,60,45,0.24,27,RCM+RPB+DGR+VOL,saved
37,54975497585,SIN,86,83,93,0.64242,158,REG+CBE+SPX+GEN,saved
38,54975497586,SIN,117,97,80,0.8424,123,RMD+ECC+EAP+DGR,saved
39,54975497587,PEN,60,60,52,0.18,192,RNG+EAP+ECC+DGR,saved
40,54975497588,PEN,34,27,34,0.02754,2.3,RFL+DGR,saved
41,54975497589,SIN,48,49,24,0.04704,13,RMD+VOL+DGR,saved
42,54975497590,SIN,49,49,55,0.12005,163,ICE+FRO+TEM+SCS,saved
43,54975497591,SIN,56,49,48,0.12348,1575,ICE+TEM+COL+SCS,saved
44,54975497592,SIN,70,38,36,0.0931,3,,saved
45,54975497593,SIN,157,65,75,0.71435,600,,saved
46,54975497594,SIN,142,124,102,1.7608,1943,,saved
47,54975497595,PEN,110,110,130,1.573,800,,saved
48,54975497596,PEN,60,80,30,0.1344,10,MNR,saved
49,54975497597,PEN,110,100,100,0.88,130,CRT,saved
50,54975497598,PEN,45,34,34,0.05202,5,CAO+RBI+DGR,saved
51,54975497599,PEN,120,80,120,1.12812,500,REG,saved
52,54975497600,PEN,109,105,62,0.698145,116,REG,saved
53,54975497601,ORD,51,51,51,0.132651,65,EAP+ECC,saved
54,54975497602,ORD,109,99,191,2.05029,441,EAP+ECC,saved
55,54975497603,ORD,121,101,100,1.1858,400,EAP+ECC,saved
56,54975497604,ORD,154,32,34,0.156519,21,EAP+ECC+MNR,saved
57,54975497605,ORD,120,80,80,0.73944,54.5,EAP+ECC+MNR,saved
58,54975497606,PEN,104,122,56,0.685152,355.5,EAP+ECC+PSC,saved
59,54975497607,PEN,40,39,39,0.05624,100,EAW+REG+ECC,saved
60,54975497608,SIN,230,150,228,7.69304,1416,SCS+SEN,saved
61,54975497609,SIN,120,80,92,0.864,282.5,CAO+RBI+DGR,saved
62,54975497610,ORD,45,34,34,0.0459,185.2,CAO+RBI+DGR,saved
63,54975497611,ORD,80,60,60,0.24,140,CAO+RBI+DGR,saved
64,54975497612,ORD,41,41,41,0.063878,34.068,RXG+CAO+DGR,saved
65,54975497613,ORD,26,28,36,0.02184,21.877,CAO+RBI+EAP+ECC+DGR,saved
66,54975497614,SIN,100,60,45,0.24,27,RCM+RPB+DGR+VOL,saved
67,54975497615,SIN,86,83,93,0.64242,158,REG+CBE+SPX+GEN,saved
68,54975497616,SIN,117,97,80,0.8424,123,RMD+ECC+EAP+DGR,saved
69,54975497617,PEN,60,60,52,0.18,192,RNG+EAP+ECC+DGR,saved
70,54975497618,PEN,34,27,34,0.02754,2.3,RFL+DGR,saved
71,54975497619,SIN,48,49,24,0.04704,13,RMD+VOL+DGR,saved
72,54975497620,SIN,49,49,55,0.12005,163,ICE+FRO+TEM+SCS,saved
73,54975497621,SIN,56,49,48,0.12348,1575,ICE+TEM+COL+SCS,saved
74,54975497622,SIN,70,38,36,0.0931,3,,saved
75,54975497623,SIN,157,65,75,0.71435,600,,saved
76,54975497624,SIN,142,124,102,1.7608,1943,,saved
77,54975497625,PEN,110,110,130,1.573,800,,saved
78,54975497626,PEN,60,80,30,0.1344,10,MNR,saved
79,54975497627,PEN,110,100,100,0.88,130,CRT,saved
80,54975497628,PEN,45,34,34,0.05202,5,CAO+RBI+DGR,saved
81,54975497629,PEN,120,80,120,1.12812,500,REG,saved
82,54975497630,PEN,109,105,62,0.698145,116,REG,saved
83,54975497631,ORD,51,51,51,0.132651,65,EAP+ECC,saved
84,54975497632,ORD,109,99,191,2.05029,441,EAP+ECC,saved
85,54975497633,ORD,121,101,100,1.1858,400,EAP+ECC,saved
86,54975497634,ORD,154,32,34,0.156519,21,EAP+ECC+MNR,saved
87,54975497635,ORD,120,80,80,0.73944,54.5,EAP+ECC+MNR,saved
88,54975497636,PEN,104,122,56,0.685152,355.5,EAP+ECC+PSC,saved
89,54975497637,PEN,40,39,39,0.05624,100,EAW+REG+ECC,saved
90,54975497638,SIN,230,150,228,7.69304,1416,SCS+SEN,saved
91,54975497639,SIN,120,80,92,0.864,282.5,CAO+RBI+DGR,saved
92,54975497640,ORD,45,34,34,0.0459,185.2,CAO+RBI+DGR,saved
93,54975497641,ORD,80,60,60,0.24,140,CAO+RBI+DGR,saved
94,54975497642,ORD,41,41,41,0.063878,34.068,RXG+CAO+DGR,saved
95,54975497643,ORD,26,28,36,0.02184,21.877,CAO+RBI+EAP+ECC+DGR,saved
96,54975497644,SIN,100,60,45,0.24,27,RCM+RPB+DGR+VOL,saved
97,54975497645,SIN,86,83,93,0.64242,158,REG+CBE+SPX+GEN,saved
98,54975497646,SIN,117,97,80,0.8424,123,RMD+ECC+EAP+DGR,saved
99,54975497647,PEN,60,60,52,0.18,192,RNG+EAP+ECC+DGR,saved
100,54975497648,PEN,34,27,34,0.02754,2.3,RFL+DGR,saved
101,54975497649,SIN,48,49,24,0.04704,13,RMD+VOL+DGR,saved
102,54975497650,SIN,49,49,55,0.12005,163,ICE+FRO+TEM+SCS,saved
103,54975497651,SIN,56,49,48,0.12348,1575,ICE+TEM+COL+SCS,saved
104,54975497652,SIN,70,38,36,0.0931,3,,saved
105,54975497653,SIN,157,65,75,0.71435,600,,saved
106,54975497654,SIN,142,124,102,1.7608,1943,,saved
107,54975497655,PEN,110,110,130,1.573,800,,saved
108,54975497656,PEN,60,80,30,0.1344,10,MNR,saved
109,54975497657,PEN,110,100,100,0.88,130,CRT,saved
110,54975497658,PEN,45,34,34,0.05202,5,CAO+RBI+DGR,saved
111,54975497659,PEN,120,80,120,1.12812,500,REG,saved
112,54975497660,PEN,109,105,62,0.698145,116,REG,saved
113,54975497661,ORD,51,51,51,0.132651,65,EAP+ECC,saved
114,54975497662,ORD,109,99,191,2.05029,441,EAP+ECC,saved
115,54975497663,ORD,121,101,100,1.1858,400,EAP+ECC,saved
116,54975497664,ORD,154,32,34,0.156519,21,EAP+ECC+MNR,saved
117,54975497665,ORD,120,80,80,0.73944,54.5,EAP+ECC+MNR,saved
118,54975497666,PEN,104,122,56,0.685152,355.5,EAP+ECC+PSC,saved
119,54975497667,PEN,40,39,39,0.05624,100,EAW+REG+ECC,saved
120,54975497668,SIN,230,150,228,7.69304,1416,SCS+SEN,saved
121,54975497669,SIN,120,80,92,0.864,282.5,CAO+RBI+DGR,saved
122,54975497670,ORD,45,34,34,0.0459,185.2,CAO+RBI+DGR,saved
123,54975497671,ORD,80,60,60,0.24,140,CAO+RBI+DGR,saved
124,54975497672,ORD,41,41,41,0.063878,34.068,RXG+CAO+DGR,saved
125,54975497673,ORD,26,28,36,0.02184,21.877,CAO+RBI+EAP+ECC+DGR,saved
126,54975497674,SIN,100,60,45,0.24,27,RCM+RPB+DGR+VOL,saved
127,54975497675,SIN,86,83,93,0.64242,158,REG+CBE+SPX+GEN,saved
128,54975497676,SIN,117,97,80,0.8424,123,RMD+ECC+EAP+DGR,saved
129,54975497677,PEN,60,60,52,0.18,192,RNG+EAP+ECC+DGR,saved
130,54975497678,PEN,34,27,34,0.02754,2.3,RFL+DGR,saved
131,54975497679,SIN,48,49,24,0.04704,13,RMD+VOL+DGR,saved
132,54975497680,SIN,49,49,55,0.12005,163,ICE+FRO+TEM+SCS,saved
133,54975497681,SIN,56,49,48,0.12348,1575,ICE+TEM+COL+SCS,saved
134,54975497682,SIN,70,38,36,0.0931,3,,saved
135,54975497683,SIN,157,65,75,0.71435,600,,saved
136,54975497684,SIN,142,124,102,1.7608,1943,,saved
137,54975497685,PEN,110,110,130,1.573,800,,saved
138,54975497686,PEN,60,80,30,0.1344,10,MNR,saved
139,54975497687,PEN,110,100,100,0.88,130,CRT,saved
140,54975497688,PEN,45,34,34,0.05202,5,CAO+RBI+DGR,saved
141,54975497689,PEN,120,80,120,1.12812,500,REG,saved
142,54975497690,PEN,109,105,62,0.698145,116,REG,saved
143,54975497691,ORD,51,51,51,0.132651,65,EAP+ECC,saved
144,54975497692,ORD,109,99,191,2.05029,441,EAP+ECC,saved
145,54975497693,ORD,121,101,100,1.1858,400,EAP+ECC,saved
146,54975497694,ORD,154,32,34,0.156519,21,EAP+ECC+MNR,saved
147,54975497695,ORD,120,80,80,0.73944,54.5,EAP+ECC+MNR,saved
148,54975497696,PEN,104,122,56,0.685152,355.5,EAP+ECC+PSC,saved
149,54975497697,PEN,40,39,39,0.05624,100,EAW+REG+ECC,saved
150,54975497698,SIN,230,150,228,7.69304,1416,SCS+SEN,saved
151,54975497699,SIN,120,80,92,0.864,282.5,CAO+RBI+DGR,saved
152,54975497700,ORD,45,34,34,0.0459,185.2,CAO+RBI+DGR,saved
153,54975497701,ORD,80,60,60,0.24,140,CAO+RBI+DGR,saved
154,54975497702,ORD,41,41,41,0.063878,34.068,RXG+CAO+DGR,saved
155,54975497703,ORD,26,28,36,0.02184,21.877,CAO+RBI+EAP+ECC+DGR,saved
156,54975497704,SIN,100,60,45,0.24,27,RCM+RPB+DGR+VOL,saved
157,54975497705,SIN,86,83,93,0.64242,158,REG+CBE+SPX+GEN,saved
158,54975497706,SIN,117,97,80,0.8424,123,RMD+ECC+EAP+DGR,saved
159,54975497707,PEN,60,60,52,0.18,192,RNG+EAP+ECC+DGR,saved
160,54975497708,PEN,34,27,34,0.02754,2.3,RFL+DGR,saved
161,54975497709,SIN,48,49,24,0.04704,13,RMD+VOL+DGR,saved
162,54975497710,SIN,49,49,55,0.12005,163,ICE+FRO+TEM+SCS,saved
163,54975497711,SIN,56,49,48,0.12348,1575,ICE+TEM+COL+SCS,saved
164,54975497712,SIN,70,38,36,0.0931,3,,saved
165,54975497713,SIN,157,65,75,0.71435,600,,saved
166,54975497714,SIN,142,124,102,1.7608,1943,,saved
167,54975497715,PEN,110,110,130,1.573,800,,saved
168,54975497716,PEN,60,80,30,0.1344,10,MNR,saved
169,54975497717,PEN,110,100,100,0.88,130,CRT,saved
170,54975497718,PEN,45,34,34,0.05202,5,CAO+RBI+DGR,saved
171,54975497719,PEN,120,80,120,1.12812,500,REG,saved
172,54975497720,PEN,109,105,62,0.698145,116,REG,saved
173,54975497721,ORD,51,51,51,0.132651,65,EAP+ECC,saved
174,54975497722,ORD,109,99,191,2.05029,441,EAP+ECC,saved
175,54975497723,ORD,121,101,100,1.1858,400,EAP+ECC,saved
176,54975497724,ORD,154,32,34,0.156519,21,EAP+ECC+MNR,saved
177,54975497725,ORD,120,80,80,0.73944,54.5,EAP+ECC+MNR,saved
178,54975497726,PEN,104,122,56,0.685152,355.5,EAP+ECC+PSC,saved
179,54975497727,PEN,40,39,39,0.05624,100,EAW+REG+ECC,saved
180,54975497728,SIN,230,150,228,7.69304,1416,SCS+SEN,saved
181,54975497729,SIN,120,80,92,0.864,282.5,CAO+RBI+DGR,saved
182,54975497730,ORD,45,34,34,0.0459,185.2,CAO+RBI+DGR,saved
183,54975497731,ORD,80,60,60,0.24,140,CAO+RBI+DGR,saved
184,54975497732,ORD,41,41,41,0.063878,34.068,RXG+CAO+DGR,saved
185,54975497733,ORD,26,28,36,0.02184,21.877,CAO+RBI+EAP+ECC+DGR,saved
186,54975497734,SIN,100,60,45,0.24,27,RCM+RPB+DGR+VOL,saved
187,54975497735,SIN,86,83,93,0.64242,158,REG+CBE+SPX+GEN,saved
188,54975497736,SIN,117,97,80,0.8424,123,RMD+ECC+EAP+DGR,saved
189,54975497737,PEN,60,60,52,0.18,192,RNG+EAP+ECC+DGR,saved
190,54975497738,PEN,34,27,34,0.02754,2.3,RFL+DGR,saved
191,54975497739,SIN,48,49,24,0.04704,13,RMD+VOL+DGR,saved
192,54975497740,SIN,49,49,55,0.12005,163,ICE+FRO+TEM+SCS,saved
193,54975497741,SIN,56,49,48,0.12348,1575,ICE+TEM+COL+SCS,saved
194,54975497742,SIN,70,38,36,0.0931,3,,saved
195,54975497743,SIN,157,65,75,0.71435,600,,saved
196,54975497744,SIN,142,124,102,1.7608,1943,,saved
197,54975497745,PEN,110,110,130,1.573,800,,saved
198,54975497746,PEN,60,80,30,0.1344,10,MNR,saved
199,54975497747,PEN,110,100,100,0.88,130,CRT,saved
200,54975497748,PEN,45,34,34,0.05202,5,CAO+RBI+DGR,saved
201,54975497749,PEN,120,80,120,1.12812,500,REG,saved
202,54975497750,PEN,109,105,62,0.698145,116,REG,saved
203,54975497751,ORD,51,51,51,0.132651,65,EAP+ECC,saved
204,54975497752,ORD,109,99,191,2.05029,441,EAP+ECC,saved
205,54975497753,ORD,121,101,100,1.1858,400,EAP+ECC,saved
206,54975497754,ORD,154,32,34,0.156519,21,EAP+ECC+MNR,saved
207,54975497755,ORD,120,80,80,0.73944,54.5,EAP+ECC+MNR,saved
208,54975497756,PEN,104,122,56,0.685152,355.5,EAP+ECC+PSC,saved
209,54975497757,PEN,40,39,39,0.05624,100,EAW+REG+ECC,saved
210,54975497758,SIN,230,150,228,7.69304,1416,SCS+SEN,saved
211,54975497759,SIN,120,80,92,0.864,282.5,CAO+RBI+DGR,saved
212,54975497760,ORD,45,34,34,0.0459,185.2,CAO+RBI+DGR,saved
213,54975497761,ORD,80,60,60,0.24,140,CAO+RBI+DGR,saved
214,54975497762,ORD,41,41,41,0.063878,34.068,RXG+CAO+DGR,saved
215,54975497763,ORD,26,28,36,0.02184,21.877,CAO+RBI+EAP+ECC+DGR,saved
216,54975497764,SIN,100,60,45,0.24,27,RCM+RPB+DGR+VOL,saved
217,54975497765,SIN,86,83,93,0.64242,158,REG+CBE+SPX+GEN,saved
218,54975497766,SIN,117,97,80,0.8424,123,RMD+ECC+EAP+DGR,saved
219,54975497767,PEN,60,60,52,0.18,192,RNG+EAP+ECC+DGR,saved
220,54975497768,PEN,34,27,34,0.02754,2.3,RFL+DGR,saved
221,54975497769,SIN,48,49,24,0.04704,13,RMD+VOL+DGR,saved
222,54975497770,SIN,49,49,55,0.12005,163,ICE+FRO+TEM+SCS,saved
223,54975497771,SIN,56,49,48,0.12348,1575,ICE+TEM+COL+SCS,saved
224,54975497772,SIN,70,38,36,0.0931,3,,saved
225,54975497773,SIN,157,65,75,0.71435,600,,saved
226,54975497774,SIN,142,124,102,1.7608,1943,,saved
227,54975497775,PEN,110,110,130,1.573,800,,saved
228,54975497776,PEN,60,80,30,0.1344,10,MNR,saved
229,54975497777,PEN,110,100,100,0.88,130,CRT,saved
230,54975497778,PEN,45,34,34,0.05202,5,CAO+RBI+DGR,saved
231,54975497779,PEN,120,80,120,1.12812,500,REG,saved
232,54975497780,PEN,109,105,62,0.698145,116,REG,saved
233,54975497781,ORD,51,51,51,0.132651,65,EAP+ECC,saved
234,54975497782,ORD,109,99,191,2.05029,441,EAP+ECC,saved
235,54975497783,ORD,121,101,100,1.1858,400,EAP+ECC,saved
236,54975497784,ORD,154,32,34,0.156519,21,EAP+ECC+MNR,saved
237,54975497785,ORD,120,80,80,0.73944,54.5,EAP+ECC+MNR,saved
238,54975497786,PEN,104,122,56,0.685152,355.5,EAP+ECC+PSC,saved
239,54975497787,PEN,40,39,39,0.05624,100,EAW+REG+ECC,saved
240,54975497788,SIN,230,150,228,7.69304,1416,SCS+SEN,saved
241,54975497789,SIN,120,80,92,0.864,282.5,CAO+RBI+DGR,saved
242,54975497790,ORD,45,34,34,0.0459,185.2,CAO+RBI+DGR,saved
243,54975497791,ORD,80,60,60,0.24,140,CAO+RBI+DGR,saved
244,54975497792,ORD,41,41,41,0.063878,34.068,RXG+CAO+DGR,saved
245,54975497793,ORD,26,28,36,0.02184,21.877,CAO+RBI+EAP+ECC+DGR,saved
246,54975497794,SIN,100,60,45,0.24,27,RCM+RPB+DGR+VOL,saved
247,54975497795,SIN,86,83,93,0.64242,158,REG+CBE+SPX+GEN,saved
248,54975497796,SIN,117,97,80,0.8424,123,RMD+ECC+EAP+DGR,saved
249,54975497797,PEN,60,60,52,0.18,192,RNG+EAP+ECC+DGR,saved
250,54975497798,PEN,34,27,34,0.02754,2.3,RFL+DGR,saved
251,54975497799,SIN,48,49,24,0.04704,13,RMD+VOL+DGR,saved
252,54975497800,SIN,49,49,55,0.12005,163,ICE+FRO+TEM+SCS,saved
253,54975497801,SIN,56,49,48,0.12348,1575,ICE+TEM+COL+SCS,saved
254,54975497802,SIN,70,38,36,0.0931,3,,saved
255,54975497803,SIN,157,65,75,0.71435,600,,saved
256,54975497804,SIN,142,124,102,1.7608,1943,,saved
257,54975497805,PEN,110,110,130,1.573,800,,saved
258,54975497806,PEN,60,80,30,0.1344,10,MNR,saved
259,54975497807,PEN,110,100,100,0.88,130,CRT,saved
260,54975497808,PEN,45,34,34,0.05202,5,CAO+RBI+DGR,saved
261,54975497809,PEN,120,80,120,1.12812,500,REG,saved
262,54975497810,PEN,109,105,62,0.698145,116,REG,saved
263,54975497811,ORD,51,51,51,0.132651,65,EAP+ECC,saved
264,54975497812,ORD,109,99,191,2.05029,441,EAP+ECC,saved
265,54975497813,ORD,121,101,100,1.1858,400,EAP+ECC,saved
266,54975497814,ORD,154,32,34,0.156519,21,EAP+ECC+MNR,saved
267,54975497815,ORD,120,80,80,0.73944,54.5,EAP+ECC+MNR,saved
268,54975497816,PEN,104,122,56,0.685152,355.5,EAP+ECC+PSC,saved
269,54975497817,PEN,40,39,39,0.05624,100,EAW+REG+ECC,saved
270,54975497818,SIN,230,150,228,7.69304,1416,SCS+SEN,saved
271,54975497819,SIN,120,80,92,0.864,282.5,CAO+RBI+DGR,saved
272,54975497820,ORD,45,34,34,0.0459,185.2,CAO+RBI+DGR,saved
273,54975497821,ORD,80,60,60,0.24,140,CAO+RBI+DGR,saved
274,54975497822,ORD,41,41,41,0.063878,34.068,RXG+CAO+DGR,saved
275,54975497823,ORD,26,28,36,0.02184,21.877,CAO+RBI+EAP+ECC+DGR,saved
276,54975497824,SIN,100,60,45,0.24,27,RCM+RPB+DGR+VOL,saved
277,54975497825,SIN,86,83,93,0.64242,158,REG+CBE+SPX+GEN,saved
278,54975497826,SIN,117,97,80,0.8424,123,RMD+ECC+EAP+DGR,saved
279,54975497827,PEN,60,60,52,0.18,192,RNG+EAP+ECC+DGR,saved
280,54975497828,PEN,34,27,34,0.02754,2.3,RFL+DGR,saved
281,54975497829,SIN,48,49,24,0.04704,13,RMD+VOL+DGR,saved
282,54975497830,SIN,49,49,55,0.12005,163,ICE+FRO+TEM+SCS,saved
283,54975497831,SIN,56,49,48,0.12348,1575,ICE+TEM+COL+SCS,saved
284,54975497832,SIN,70,38,36,0.0931,3,,saved
285,54975497833,SIN,157,65,75,0.71435,600,,saved
286,54975497834,SIN,142,124,102,1.7608,1943,,saved
287,54975497835,PEN,110,110,130,1.573,800,,saved
288,54975497836,PEN,60,80,30,0.1344,10,MNR,saved
289,54975497837,PEN,110,100,100,0.88,130,CRT,saved
290,54975497838,PEN,45,34,34,0.05202,5,CAO+RBI+DGR,saved
291,54975497839,PEN,120,80,120,1.12812,500,REG,saved
292,54975497840,PEN,109,105,62,0.698145,116,REG,saved
293,54975497841,ORD,51,51,51,0.132651,65,EAP+ECC,saved
294,54975497842,ORD,109,99,191,2.05029,441,EAP+ECC,saved
295,54975497843,ORD,121,101,100,1.1858,400,EAP+ECC,saved
296,54975497844,ORD,154,32,34,0.156519,21,EAP+ECC+MNR,saved
297,54975497845,ORD,120,80,80,0.73944,54.5,EAP+ECC+MNR,saved
298,54975497846,PEN,104,122,56,0.685152,355.5,EAP+ECC+PSC,saved
299,54975497847,PEN,40,39,39,0.05624,100,EAW+REG+ECC,saved
300,54975497848,SIN,230,150,228,7.69304,1416,SCS+SEN,saved
301,54975497849,SIN,120,80,92,0.864,282.5,CAO+RBI+DGR,saved
302,54975497850,ORD,45,34,34,0.0459,185.2,CAO+RBI+DGR,saved
303,54975497851,ORD,80,60,60,0.24,140,CAO+RBI+DGR,saved
304,54975497852,ORD,41,41,41,0.063878,34.068,RXG+CAO+DGR,saved
305,54975497853,ORD,26,28,36,0.02184,21.877,CAO+RBI+EAP+ECC+DGR,saved
306,54975497854,SIN,100,60,45,0.24,27,RCM+RPB+DGR+VOL,saved
307,54975497855,SIN,86,83,93,0.64242,158,REG+CBE+SPX+GEN,saved
308,54975497856,SIN,117,97,80,0.8424,123,RMD+ECC+EAP+DGR,saved
309,54975497857,PEN,60,60,52,0.18,192,RNG+EAP+ECC+DGR,saved
310,54975497858,PEN,34,27,34,0.02754,2.3,RFL+DGR,saved
311,54975497859,SIN,48,49,24,0.04704,13,RMD+VOL+DGR,saved
312,54975497860,SIN,49,49,55,0.12005,163,ICE+FRO+TEM+SCS,saved
313,54975497861,SIN,56,49,48,0.12348,1575,ICE+TEM+COL+SCS,saved
314,54975497862,SIN,70,38,36,0.0931,3,,saved
315,54975497863,SIN,157,65,75,0.71435,600,,saved
316,54975497864,SIN,142,124,102,1.7608,1943,,saved
317,54975497865,PEN,110,110,130,1.573,800,,saved
318,54975497866,PEN,60,80,30,0.1344,10,MNR,saved
319,54975497867,PEN,110,100,100,0.88,130,CRT,saved
320,54975497868,PEN,45,34,34,0.05202,5,CAO+RBI+DGR,saved
321,54975497869,PEN,120,80,120,1.12812,500,REG,saved
322,54975497870,PEN,109,105,62,0.698145,116,REG,saved
323,54975497871,ORD,51,51,51,0.132651,65,EAP+ECC,saved
324,54975497872,ORD,109,99,191,2.05029,441,EAP+ECC,saved
325,54975497873,ORD,121,101,100,1.1858,400,EAP+ECC,saved
326,54975497874,ORD,154,32,34,0.156519,21,EAP+ECC+MNR,saved
327,54975497875,ORD,120,80,80,0.73944,54.5,EAP+ECC+MNR,saved
328,54975497876,PEN,104,122,56,0.685152,355.5,EAP+ECC+PSC,saved
329,54975497877,PEN,40,39,39,0.05624,100,EAW+REG+ECC,saved
330,54975497878,SIN,230,150,228,7.69304,1416,SCS+SEN,saved
331,54975497879,SIN,120,80,92,0.864,282.5,CAO+RBI+DGR,saved
332,54975497880,ORD,45,34,34,0.0459,185.2,CAO+RBI+DGR,saved
333,54975497881,ORD,80,60,60,0.24,140,CAO+RBI+DGR,saved
334,54975497882,ORD,41,41,41,0.063878,34.068,RXG+CAO+DGR,saved
335,54975497883,ORD,26,28,36,0.02184,21.877,CAO+RBI+EAP+ECC+DGR,saved
336,54975497884,SIN,100,60,45,0.24,27,RCM+RPB+DGR+VOL,saved
337,54975497885,SIN,86,83,93,0.64242,158,REG+CBE+SPX+GEN,saved
338,54975497886,SIN,117,97,80,0.8424,123,RMD+ECC+EAP+DGR,saved
339,54975497887,PEN,60,60,52,0.18,192,RNG+EAP+ECC+DGR,saved
340,54975497888,PEN,34,27,34,0.02754,2.3,RFL+DGR,saved
341,54975497889,SIN,48,49,24,0.04704,13,RMD+VOL+DGR,saved
342,54975497890,SIN,49,49,55,0.12005,163,ICE+FRO+TEM+SCS,saved
343,54975497891,SIN,56,49,48,0.12348,1575,ICE+TEM+COL+SCS,saved
344,54975497892,SIN,70,38,36,0.0931,3,,saved
345,54975497893,SIN,157,65,75,0.71435,600,,saved
346,54975497894,SIN,142,124,102,1.7608,1943,,saved
347,54975497895,PEN,110,110,130,1.573,800,,saved
348,54975497896,PEN,60,80,30,0.1344,10,MNR,saved
349,54975497897,PEN,110,100,100,0.88,130,CRT,saved
350,54975497898,PEN,45,34,34,0.05202,5,CAO+RBI+DGR,saved
351,54975497899,PEN,120,80,120,1.12812,500,REG,saved
352,54975497900,PEN,109,105,62,0.698145,116,REG,saved
353,54975497901,ORD,51,51,51,0.132651,65,EAP+ECC,saved
354,54975497902,ORD,109,99,191,2.05029,441,EAP+ECC,saved
355,54975497903,ORD,121,101,100,1.1858,400,EAP+ECC,saved
356,54975497904,ORD,154,32,34,0.156519,21,EAP+ECC+MNR,saved
357,54975497905,ORD,120,80,80,0.73944,54.5,EAP+ECC+MNR,saved
358,54975497906,PEN,104,122,56,0.685152,355.5,EAP+ECC+PSC,saved
359,54975497907,PEN,40,39,39,0.05624,100,EAW+REG+ECC,saved
360,54975497908,SIN,230,150,228,7.69304,1416,SCS+SEN,saved
361,54975497909,SIN,120,80,92,0.864,282.5,CAO+RBI+DGR,saved
362,54975497910,ORD,45,34,34,0.0459,185.2,CAO+RBI+DGR,saved
363,54975497911,ORD,80,60,60,0.24,140,CAO+RBI+DGR,saved
364,54975497912,ORD,41,41,41,0.063878,34.068,RXG+CAO+DGR,saved
365,54975497913,ORD,26,28,36,0.02184,21.877,CAO+RBI+EAP+ECC+DGR,saved
366,54975497914,SIN,100,60,45,0.24,27,RCM+RPB+DGR+VOL,saved
367,54975497915,SIN,86,83,93,0.64242,158,REG+CBE+SPX+GEN,saved
368,54975497916,SIN,117,97,80,0.8424,123,RMD+ECC+EAP+DGR,saved
369,54975497917,PEN,60,60,52,0.18,192,RNG+EAP+ECC+DGR,saved
370,54975497918,PEN,34,27,34,0.02754,2.3,RFL+DGR,saved
371,54975497919,SIN,48,49,24,0.04704,13,RMD+VOL+DGR,saved
372,54975497920,SIN,49,49,55,0.12005,163,ICE+FRO+TEM+SCS,saved
373,54975497921,SIN,56,49,48,0.12348,1575,ICE+TEM+COL+SCS,saved
374,54975497922,SIN,70,38,36,0.0931,3,,saved
375,54975497923,SIN,157,65,75,0.71435,600,,saved
376,54975497924,SIN,142,124,102,1.7608,1943,,saved
377,54975497925,PEN,110,110,130,1.573,800,,saved
378,54975497926,PEN,60,80,30,0.1344,10,MNR,saved
379,54975497927,PEN,110,100,100,0.88,130,CRT,saved
380,54975497928,PEN,45,34,34,0.05202,5,CAO+RBI+DGR,saved
381,54975497929,PEN,120,80,120,1.12812,500,REG,saved
382,54975497930,PEN,109,105,62,0.698145,116,REG,saved
383,54975497931,ORD,51,51,51,0.132651,65,EAP+ECC,saved
384,54975497932,ORD,109,99,191,2.05029,441,EAP+ECC,saved
385,54975497933,ORD,121,101,100,1.1858,400,EAP+ECC,saved
386,54975497934,ORD,154,32,34,0.156519,21,EAP+ECC+MNR,saved
387,54975497935,ORD,120,80,80,0.73944,54.5,EAP+ECC+MNR,saved
388,54975497936,PEN,104,122,56,0.685152,355.5,EAP+ECC+PSC,saved
389,54975497937,PEN,40,39,39,0.05624,100,EAW+REG+ECC,saved
390,54975497938,SIN,230,150,228,7.69304,1416,SCS+SEN,saved
391,54975497939,SIN,120,80,92,0.864,282.5,CAO+RBI+DGR,saved
392,54975497940,ORD,45,34,34,0.0459,185.2,CAO+RBI+DGR,saved
393,54975497941,ORD,80,60,60,0.24,140,CAO+RBI+DGR,saved
394,54975497942,ORD,41,41,41,0.063878,34.068,RXG+CAO+DGR,saved
395,54975497943,ORD,26,28,36,0.02184,21.877,CAO+RBI+EAP+ECC+DGR,saved
396,54975497944,SIN,100,60,45,0.24,27,RCM+RPB+DGR+VOL,saved
397,54975497945,SIN,86,83,93,0.64242,158,REG+CBE+SPX+GEN,saved
398,54975497946,SIN,117,97,80,0.8424,123,RMD+ECC+EAP+DGR,saved
399,54975497947,PEN,60,60,52,0.18,192,RNG+EAP+ECC+DGR,saved
400,54975497948,PEN,34,27,34,0.02754,2.3,RFL+DGR,saved
401,54975497949,SIN,48,49,24,0.04704,13,RMD+VOL+DGR,saved
402,54975497950,SIN,49,49,55,0.12005,163,ICE+FRO+TEM+SCS,saved
403,54975497951,SIN,56,49,48,0.12348,1575,ICE+TEM+COL+SCS,saved
404,54975497952,SIN,70,38,36,0.0931,3,,saved
405,54975497953,SIN,157,65,75,0.71435,600,,saved
406,54975497954,SIN,142,124,102,1.7608,1943,,saved
407,54975497955,PEN,110,110,130,1.573,800,,saved
408,54975497956,PEN,60,80,30,0.1344,10,MNR,saved
409,54975497957,PEN,110,100,100,0.88,130,CRT,saved
410,54975497958,PEN,45,34,34,0.05202,5,CAO+RBI+DGR,saved
411,54975497959,PEN,120,80,120,1.12812,500,REG,saved
412,54975497960,PEN,109,105,62,0.698145,116,REG,saved
413,54975497961,ORD,51,51,51,0.132651,65,EAP+ECC,saved
414,54975497962,ORD,109,99,191,2.05029,441,EAP+ECC,saved
415,54975497963,ORD,121,101,100,1.1858,400,EAP+ECC,saved
416,54975497964,ORD,154,32,34,0.156519,21,EAP+ECC+MNR,saved
417,54975497965,ORD,120,80,80,0.73944,54.5,EAP+ECC+MNR,saved
418,54975497966,PEN,104,122,56,0.685152,355.5,EAP+ECC+PSC,saved
419,54975497967,PEN,40,39,39,0.05624,100,EAW+REG+ECC,saved
420,54975497968,SIN,230,150,228,7.69304,1416,SCS+SEN,saved
421,54975497969,SIN,120,80,92,0.864,282.5,CAO+RBI+DGR,saved
422,54975497970,ORD,45,34,34,0.0459,185.2,CAO+RBI+DGR,saved
423,54975497971,ORD,80,60,60,0.24,140,CAO+RBI+DGR,saved
424,54975497972,ORD,41,41,41,0.063878,34.068,RXG+CAO+DGR,saved
425,54975497973,ORD,26,28,36,0.02184,21.877,CAO+RBI+EAP+ECC+DGR,saved
426,54975497974,SIN,100,60,45,0.24,27,RCM+RPB+DGR+VOL,saved
427,54975497975,SIN,86,83,93,0.64242,158,REG+CBE+SPX+GEN,saved
428,54975497976,SIN,117,97,80,0.8424,123,RMD+ECC+EAP+DGR,saved
429,54975497977,PEN,60,60,52,0.18,192,RNG+EAP+ECC+DGR,saved
430,54975497978,PEN,34,27,34,0.02754,2.3,RFL+DGR,saved
431,54975497979,SIN,48,49,24,0.04704,13,RMD+VOL+DGR,saved
432,54975497980,SIN,49,49,55,0.12005,163,ICE+FRO+TEM+SCS,saved
433,54975497981,SIN,56,49,48,0.12348,1575,ICE+TEM+COL+SCS,saved
434,54975497982,SIN,70,38,36,0.0931,3,,saved
435,54975497983,SIN,157,65,75,0.71435,600,,saved
436,54975497984,SIN,142,124,102,1.7608,1943,,saved
437,54975497985,PEN,110,110,130,1.573,800,,saved
438,54975497986,PEN,60,80,30,0.1344,10,MNR,saved
439,54975497987,PEN,110,100,100,0.88,130,CRT,saved
440,54975497988,PEN,45,34,34,0.05202,5,CAO+RBI+DGR,saved
441,54975497989,PEN,120,80,120,1.12812,500,REG,saved
442,54975497990,PEN,109,105,62,0.698145,116,REG,saved
443,54975497991,ORD,51,51,51,0.132651,65,EAP+ECC,saved
444,54975497992,ORD,109,99,191,2.05029,441,EAP+ECC,saved
445,54975497993,ORD,121,101,100,1.1858,400,EAP+ECC,saved
446,54975497994,ORD,154,32,34,0.156519,21,EAP+ECC+MNR,saved
447,54975497995,ORD,120,80,80,0.73944,54.5,EAP+ECC+MNR,saved
448,54975497996,PEN,104,122,56,0.685152,355.5,EAP+ECC+PSC,saved
449,54975497997,PEN,40,39,39,0.05624,100,EAW+REG+ECC,saved
450,54975497998,SIN,230,150,228,7.69304,1416,SCS+SEN,saved
451,54975497999,SIN,120,80,92,0.864,282.5,CAO+RBI+DGR,saved
452,54975498000,ORD,45,34,34,0.0459,185.2,CAO+RBI+DGR,saved
453,54975498001,ORD,80,60,60,0.24,140,CAO+RBI+DGR,saved
454,54975498002,ORD,41,41,41,0.063878,34.068,RXG+CAO+DGR,saved
455,54975498003,ORD,26,28,36,0.02184,21.877,CAO+RBI+EAP+ECC+DGR,saved
456,54975498004,SIN,100,60,45,0.24,27,RCM+RPB+DGR+VOL,saved
457,54975498005,SIN,86,83,93,0.64242,158,REG+CBE+SPX+GEN,saved
458,54975498006,SIN,117,97,80,0.8424,123,RMD+ECC+EAP+DGR,saved
459,54975498007,PEN,60,60,52,0.18,192,RNG+EAP+ECC+DGR,saved
460,54975498008,PEN,34,27,34,0.02754,2.3,RFL+DGR,saved
461,54975498009,SIN,48,49,24,0.04704,13,RMD+VOL+DGR,saved
462,54975498010,SIN,49,49,55,0.12005,163,ICE+FRO+TEM+SCS,saved
463,54975498011,SIN,56,49,48,0.12348,1575,ICE+TEM+COL+SCS,saved
464,54975498012,SIN,70,38,36,0.0931,3,,saved
465,54975498013,SIN,157,65,75,0.71435,600,,saved
466,54975498014,SIN,142,124,102,1.7608,1943,,saved
467,54975498015,PEN,110,110,130,1.573,800,,saved
468,54975498016,PEN,60,80,30,0.1344,10,MNR,saved
469,54975498017,PEN,110,100,100,0.88,130,CRT,saved
470,54975498018,PEN,45,34,34,0.05202,5,CAO+RBI+DGR,saved
471,54975498019,PEN,120,80,120,1.12812,500,REG,saved
472,54975498020,PEN,109,105,62,0.698145,116,REG,saved
473,54975498021,ORD,51,51,51,0.132651,65,EAP+ECC,saved
474,54975498022,ORD,109,99,191,2.05029,441,EAP+ECC,saved
475,54975498023,ORD,121,101,100,1.1858,400,EAP+ECC,saved
476,54975498024,ORD,154,32,34,0.156519,21,EAP+ECC+MNR,saved
477,54975498025,ORD,120,80,80,0.73944,54.5,EAP+ECC+MNR,saved
478,54975498026,PEN,104,122,56,0.685152,355.5,EAP+ECC+PSC,saved
479,54975498027,PEN,40,39,39,0.05624,100,EAW+REG+ECC,saved
480,54975498028,SIN,230,150,228,7.69304,1416,SCS+SEN,saved
481,54975498029,SIN,120,80,92,0.864,282.5,CAO+RBI+DGR,saved
482,54975498030,ORD,45,34,34,0.0459,185.2,CAO+RBI+DGR,saved
483,54975498031,ORD,80,60,60,0.24,140,CAO+RBI+DGR,saved
484,54975498032,ORD,41,41,41,0.063878,34.068,RXG+CAO+DGR,saved
485,54975498033,ORD,26,28,36,0.02184,21.877,CAO+RBI+EAP+ECC+DGR,saved
486,54975498034,SIN,100,60,45,0.24,27,RCM+RPB+DGR+VOL,saved
487,54975498035,SIN,86,83,93,0.64242,158,REG+CBE+SPX+GEN,saved
488,54975498036,SIN,117,97,80,0.8424,123,RMD+ECC+EAP+DGR,saved
489,54975498037,PEN,60,60,52,0.18,192,RNG+EAP+ECC+DGR,saved
490,54975498038,PEN,34,27,34,0.02754,2.3,RFL+DGR,saved
491,54975498039,SIN,48,49,24,0.04704,13,RMD+VOL+DGR,saved
492,54975498040,SIN,49,49,55,0.12005,163,ICE+FRO+TEM+SCS,saved
493,54975498041,SIN,56,49,48,0.12348,1575,ICE+TEM+COL+SCS,saved
494,54975498042,SIN,70,38,36,0.0931,3,,saved
495,54975498043,SIN,157,65,75,0.71435,600,,saved
496,54975498044,SIN,142,124,102,1.7608,1943,,saved
497,54975498045,PEN,110,110,130,1.573,800,,saved
498,54975498046,PEN,60,80,30,0.1344,10,MNR,saved
499,54975498047,PEN,110,100,100,0.88,130,CRT,saved
500,54975498048,PEN,45,34,34,0.05202,5,CAO+RBI+DGR,saved
501,54975498049,PEN,120,80,120,1.12812,500,REG,saved
502,54975498050,PEN,109,105,62,0.698145,116,REG,saved
503,54975498051,ORD,51,51,51,0.132651,65,EAP+ECC,saved
504,54975498052,ORD,109,99,191,2.05029,441,EAP+ECC,saved
505,54975498053,ORD,121,101,100,1.1858,400,EAP+ECC,saved
506,54975498054,ORD,154,32,34,0.156519,21,EAP+ECC+MNR,saved
507,54975498055,ORD,120,80,80,0.73944,54.5,EAP+ECC+MNR,saved
508,54975498056,PEN,104,122,56,0.685152,355.5,EAP+ECC+PSC,saved
509,54975498057,PEN,40,39,39,0.05624,100,EAW+REG+ECC,saved
510,54975498058,SIN,230,150,228,7.69304,1416,SCS+SEN,saved
511,54975498059,SIN,120,80,92,0.864,282.5,CAO+RBI+DGR,saved
512,54975498060,ORD,45,34,34,0.0459,185.2,CAO+RBI+DGR,saved
513,54975498061,ORD,80,60,60,0.24,140,CAO+RBI+DGR,saved
514,54975498062,ORD,41,41,41,0.063878,34.068,RXG+CAO+DGR,saved
515,54975498063,ORD,26,28,36,0.02184,21.877,CAO+RBI+EAP+ECC+DGR,saved
516,54975498064,SIN,100,60,45,0.24,27,RCM+RPB+DGR+VOL,saved
517,54975498065,SIN,86,83,93,0.64242,158,REG+CBE+SPX+GEN,saved
518,54975498066,SIN,117,97,80,0.8424,123,RMD+ECC+EAP+DGR,saved
519,54975498067,PEN,60,60,52,0.18,192,RNG+EAP+ECC+DGR,saved
520,54975498068,PEN,34,27,34,0.02754,2.3,RFL+DGR,saved
521,54975498069,SIN,48,49,24,0.04704,13,RMD+VOL+DGR,saved
522,54975498070,SIN,49,49,55,0.12005,163,ICE+FRO+TEM+SCS,saved
523,54975498071,SIN,56,49,48,0.12348,1575,ICE+TEM+COL+SCS,saved
524,54975498072,SIN,70,38,36,0.0931,3,,saved
525,54975498073,SIN,157,65,75,0.71435,600,,saved
526,54975498074,SIN,142,124,102,1.7608,1943,,saved
527,54975498075,PEN,110,110,130,1.573,800,,saved
528,54975498076,PEN,60,80,30,0.1344,10,MNR,saved
529,54975498077,PEN,110,100,100,0.88,130,CRT,saved
530,54975498078,PEN,45,34,34,0.05202,5,CAO+RBI+DGR,saved
531,54975498079,PEN,120,80,120,1.12812,500,REG,saved
532,54975498080,PEN,109,105,62,0.698145,116,REG,saved
533,54975498081,ORD,51,51,51,0.132651,65,EAP+ECC,saved
534,54975498082,ORD,109,99,191,2.05029,441,EAP+ECC,saved
535,54975498083,ORD,121,101,100,1.1858,400,EAP+ECC,saved
536,54975498084,ORD,154,32,34,0.156519,21,EAP+ECC+MNR,saved
537,54975498085,ORD,120,80,80,0.73944,54.5,EAP+ECC+MNR,saved
538,54975498086,PEN,104,122,56,0.685152,355.5,EAP+ECC+PSC,saved
539,54975498087,PEN,40,39,39,0.05624,100,EAW+REG+ECC,saved
540,54975498088,SIN,230,150,228,7.69304,1416,SCS+SEN,saved
541,54975498089,SIN,120,80,92,0.864,282.5,CAO+RBI+DGR,saved
542,54975498090,ORD,45,34,34,0.0459,185.2,CAO+RBI+DGR,saved
543,54975498091,ORD,80,60,60,0.24,140,CAO+RBI+DGR,saved
544,54975498092,ORD,41,41,41,0.063878,34.068,RXG+CAO+DGR,saved
545,54975498093,ORD,26,28,36,0.02184,21.877,CAO+RBI+EAP+ECC+DGR,saved
546,54975498094,SIN,100,60,45,0.24,27,RCM+RPB+DGR+VOL,saved
547,54975498095,SIN,86,83,93,0.64242,158,REG+CBE+SPX+GEN,saved
548,54975498096,SIN,117,97,80,0.8424,123,RMD+ECC+EAP+DGR,saved
549,54975498097,PEN,60,60,52,0.18,192,RNG+EAP+ECC+DGR,saved
550,54975498098,PEN,34,27,34,0.02754,2.3,RFL+DGR,saved
551,54975498099,SIN,48,49,24,0.04704,13,RMD+VOL+DGR,saved
552,54975498100,SIN,49,49,55,0.12005,163,ICE+FRO+TEM+SCS,saved
553,54975498101,SIN,56,49,48,0.12348,1575,ICE+TEM+COL+SCS,saved
554,54975498102,SIN,70,38,36,0.0931,3,,saved
555,54975498103,SIN,157,65,75,0.71435,600,,saved
556,54975498104,SIN,142,124,102,1.7608,1943,,saved
557,54975498105,PEN,110,110,130,1.573,800,,saved
558,54975498106,PEN,60,80,30,0.1344,10,MNR,saved
559,54975498107,PEN,110,100,100,0.88,130,CRT,saved
560,54975498108,PEN,45,34,34,0.05202,5,CAO+RBI+DGR,saved
561,54975498109,PEN,120,80,120,1.12812,500,REG,saved
562,54975498110,PEN,109,105,62,0.698145,116,REG,saved
563,54975498111,ORD,51,51,51,0.132651,65,EAP+ECC,saved
564,54975498112,ORD,109,99,191,2.05029,441,EAP+ECC,saved
565,54975498113,ORD,121,101,100,1.1858,400,EAP+ECC,saved
566,54975498114,ORD,154,32,34,0.156519,21,EAP+ECC+MNR,saved
567,54975498115,ORD,120,80,80,0.73944,54.5,EAP+ECC+MNR,saved
568,54975498116,PEN,104,122,56,0.685152,355.5,EAP+ECC+PSC,saved
569,54975498117,PEN,40,39,39,0.05624,100,EAW+REG+ECC,saved
570,54975498118,SIN,230,150,228,7.69304,1416,SCS+SEN,saved
571,54975498119,SIN,120,80,92,0.864,282.5,CAO+RBI+DGR,saved
572,54975498120,ORD,45,34,34,0.0459,185.2,CAO+RBI+DGR,saved
573,54975498121,ORD,80,60,60,0.24,140,CAO+RBI+DGR,saved
574,54975498122,ORD,41,41,41,0.063878,34.068,RXG+CAO+DGR,saved
575,54975498123,ORD,26,28,36,0.02184,21.877,CAO+RBI+EAP+ECC+DGR,saved
576,54975498124,SIN,100,60,45,0.24,27,RCM+RPB+DGR+VOL,saved
577,54975498125,SIN,86,83,93,0.64242,158,REG+CBE+SPX+GEN,saved
578,54975498126,SIN,117,97,80,0.8424,123,RMD+ECC+EAP+DGR,saved
579,54975498127,PEN,60,60,52,0.18,192,RNG+EAP+ECC+DGR,saved
580,54975498128,PEN,34,27,34,0.02754,2.3,RFL+DGR,saved
581,54975498129,SIN,48,49,24,0.04704,13,RMD+VOL+DGR,saved
582,54975498130,SIN,49,49,55,0.12005,163,ICE+FRO+TEM+SCS,saved
583,54975498131,SIN,56,49,48,0.12348,1575,ICE+TEM+COL+SCS,saved
584,54975498132,SIN,70,38,36,0.0931,3,,saved
585,54975498133,SIN,157,65,75,0.71435,600,,saved
586,54975498134,SIN,142,124,102,1.7608,1943,,saved
587,54975498135,PEN,110,110,130,1.573,800,,saved
588,54975498136,PEN,60,80,30,0.1344,10,MNR,saved
589,54975498137,PEN,110,100,100,0.88,130,CRT,saved
590,54975498138,PEN,45,34,34,0.05202,5,CAO+RBI+DGR,saved
591,54975498139,PEN,120,80,120,1.12812,500,REG,saved
592,54975498140,PEN,109,105,62,0.698145,116,REG,saved
593,54975498141,ORD,51,51,51,0.132651,65,EAP+ECC,saved
594,54975498142,ORD,109,99,191,2.05029,441,EAP+ECC,saved
595,54975498143,ORD,121,101,100,1.1858,400,EAP+ECC,saved
596,54975498144,ORD,154,32,34,0.156519,21,EAP+ECC+MNR,saved
597,54975498145,ORD,120,80,80,0.73944,54.5,EAP+ECC+MNR,saved
598,54975498146,PEN,104,122,56,0.685152,355.5,EAP+ECC+PSC,saved
599,54975498147,PEN,40,39,39,0.05624,100,EAW+REG+ECC,saved
600,54975498148,SIN,230,150,228,7.69304,1416,SCS+SEN,saved
